loss,accuracy,val_loss,val_accuracy
70.50057742470189,0.49919119147939217,69.81019592285156,0.51953125
69.80172970420436,0.5203486508444736,69.80724334716797,0.51953125
69.79355761879368,0.5211172527388522,69.79396057128906,0.5210937857627869
69.79276877955387,0.5211337404815775,69.79474639892578,0.5210937857627869
69.78591979177375,0.5219059578682247,69.78511810302734,0.5218750238418579
69.77984137284129,0.5225478042113153,69.78449249267578,0.5218750238418579
69.77516736482319,0.5229248828009555,69.77542877197266,0.522656261920929
69.77103966160824,0.5233071462104195,69.77080535888672,0.5234375
69.76497007671155,0.5239074402733853,69.77261352539062,0.5234375
69.76808748747173,0.5235717077004282,69.77001953125,0.5234375
69.7646847775108,0.5239137662084479,69.77533721923828,0.522656261920929
69.76438522338867,0.5239343203996357,69.77020263671875,0.5234375
69.7669244063528,0.5236751774424001,69.77389526367188,0.522656261920929
69.76707578960217,0.5236584653979853,69.77276611328125,0.5234375
69.76355723330849,0.5240095532254169,69.77668762207031,0.522656261920929
69.76538668180767,0.5238256407411475,69.77648162841797,0.522656261920929
69.7679557800293,0.5235665079794432,69.77070617675781,0.5234375
69.76544450458728,0.5238172804054461,69.77485656738281,0.522656261920929
69.76234616731342,0.5241265759656304,69.77446746826172,0.522656261920929
69.76334662186473,0.5240262668383749,69.77143859863281,0.5234375
69.76584886249744,0.5237754951966437,69.77262878417969,0.5234375
69.76225300839073,0.5241349308114303,69.77587127685547,0.522656261920929
69.76584464625309,0.523775494412372,69.77538299560547,0.522656261920929
69.76584103232936,0.5237754904910138,69.77120208740234,0.5234375
69.76324804205643,0.5240346263898047,69.77655029296875,0.522656261920929
69.76717296399568,0.5236417439423109,69.7755355834961,0.522656261920929
69.76324141652961,0.5240346216841748,69.77445983886719,0.522656261920929
69.76708361977025,0.5236500964352959,69.77576446533203,0.522656261920929
69.76281758358604,0.5240764225784101,69.77034759521484,0.5234375
69.76214720073499,0.5241432887943167,69.77644348144531,0.522656261920929
69.76381763659026,0.5239761095297965,69.77069854736328,0.5234375
69.76180769267835,0.5241767340584805,69.77653503417969,0.522656261920929
69.76623595388313,0.5237336919495934,69.7721176147461,0.5234375
69.76330807334499,0.5240262652698316,69.77446746826172,0.522656261920929
69.76648109837582,0.5237086117267609,69.77381134033203,0.522656261920929
69.765894036544,0.5237671215283243,69.77245330810547,0.5234375
69.76338456806384,0.5240179065026735,69.7763442993164,0.522656261920929
69.76363473189504,0.5239928302011991,69.77025604248047,0.5234375
69.76413445723684,0.5239426775982505,69.77229309082031,0.5234375
69.76517366108142,0.5238423661181801,69.771240234375,0.5234375
69.76327032791941,0.5240346224684465,69.77104187011719,0.5234375
69.76436333907277,0.5239214324637463,69.77691650390625,0.522656261920929
69.76526641845703,0.5238294875935504,69.77670288085938,0.522656261920929
69.76459242168225,0.523896358515087,69.77619934082031,0.522656261920929
69.7639224403783,0.5239632302208951,69.77493286132812,0.522656261920929
69.76007521779914,0.5243477609596754,69.77410888671875,0.522656261920929
69.76333276849044,0.5240217408067301,69.77462005615234,0.522656261920929
69.76182616384406,0.5241722190066388,69.7735366821289,0.522656261920929
69.76374676353053,0.5239799477552113,69.77505493164062,0.522656261920929
69.76533267372533,0.5238211147095028,69.77387237548828,0.522656261920929
69.76382606907895,0.5239715882037815,69.77326965332031,0.522656261920929
69.7644930387798,0.5239047157137018,69.77474975585938,0.522656261920929
69.76382386057,0.5239715921251398,69.77448272705078,0.522656261920929
69.76716674001594,0.5236372281061975,69.77458190917969,0.522656261920929
69.76716533460115,0.523637227321926,69.77560424804688,0.522656261920929
69.76214438990543,0.5241387721739317,69.77188110351562,0.5234375
69.76356004413806,0.5239966770536021,69.77426147460938,0.522656261920929
69.76347270764802,0.5240050334679452,69.77481079101562,0.522656261920929
69.7636399520071,0.5239883135808142,69.77157592773438,0.5234375
69.76556055169357,0.523796054877733,69.77311706542969,0.522656261920929
69.76079318397923,0.5242725234282645,69.77442932128906,0.522656261920929
69.76397022448089,0.5239548792964533,69.77386474609375,0.522656261920929
69.76538868954307,0.5238127630007895,69.77381134033203,0.522656261920929
69.76505118922184,0.523846204343595,69.77327728271484,0.522656261920929
69.76538527639289,0.5238127630007895,69.77564239501953,0.522656261920929
69.76521783126027,0.5238294883778221,69.77369689941406,0.522656261920929
69.7627924868935,0.5240718996838519,69.77372741699219,0.522656261920929
69.7651296916761,0.5238378440078936,69.77311706542969,0.522656261920929
69.76537804854543,0.523812766137876,69.77499389648438,0.522656261920929
69.76213615819027,0.524147134862448,69.7696304321289,0.5234375
69.76518269589073,0.5238462027750517,69.77519989013672,0.522656261920929
69.76558203446238,0.5237960470350165,69.77603912353516,0.522656261920929
69.76121842233758,0.5242307280239306,69.77401733398438,0.522656261920929
69.76463920191715,0.5238880115120035,69.77598571777344,0.522656261920929
69.76889620329204,0.5234616900745191,69.77252197265625,0.5234375
69.76396219353927,0.523954880080725,69.77577209472656,0.522656261920929
69.7642916629189,0.5239214356008329,69.77330780029297,0.522656261920929
69.76671339336194,0.523679013315,69.77627563476562,0.522656261920929
69.76570611251027,0.5237793247950705,69.77375030517578,0.522656261920929
69.7613515351948,0.524214011273886,69.77534484863281,0.522656261920929
69.76585749575966,0.5237626041236677,69.77574920654297,0.522656261920929
69.76734803852283,0.5236121525889949,69.77436065673828,0.522656261920929
69.76457736366673,0.5238880028850154,69.77546691894531,0.522656261920929
69.76598257767527,0.5237458905107096,69.77507019042969,0.522656261920929
69.76254794472142,0.5240886258451563,69.77378845214844,0.522656261920929
69.76521803203381,0.5238211233364908,69.77531433105469,0.522656261920929
69.76472232216283,0.5238712790765261,69.77566528320312,0.522656261920929
69.76588018316971,0.523754253199226,69.77532958984375,0.522656261920929
69.7627740157278,0.5240635440537804,69.77581787109375,0.522656261920929
69.76425712986996,0.5239130791864897,69.77473449707031,0.522656261920929
69.76449524728875,0.5238879981793856,69.774658203125,0.522656261920929
69.7649080376876,0.5238462004222368,69.77446746826172,0.522656261920929
69.76732876426296,0.5236037883319353,69.77433776855469,0.522656261920929
69.76147501092208,0.5241889357566833,69.77407836914062,0.522656261920929
69.7609718724301,0.5242390914967185,69.77448272705078,0.522656261920929
69.76405816329152,0.5239297959365343,69.77378845214844,0.522656261920929
69.7635568317614,0.5239799540293845,69.77456665039062,0.522656261920929
69.76631164550781,0.5237040982434624,69.77378845214844,0.522656261920929
69.76329964085629,0.5240050240566856,69.77407836914062,0.522656261920929
69.76171011673777,0.5241638516124926,69.77394104003906,0.522656261920929
69.76304867393092,0.524030108985148,69.77456665039062,0.522656261920929
69.76396460282176,0.5239381586250506,69.77377319335938,0.522656261920929
69.76530075073242,0.5238044050179029,69.773681640625,0.522656261920929
69.76529994763825,0.5238044167819776,69.7736587524414,0.522656261920929
69.76504817761872,0.5238294828879205,69.77366638183594,0.522656261920929
69.76504898071289,0.5238294828879205,69.77415466308594,0.522656261920929
69.76345724808543,0.5239883135808142,69.7738037109375,0.522656261920929
69.76638131392629,0.523695737907761,69.77362060546875,0.522656261920929
69.76295350727283,0.5240384638309479,69.77408599853516,0.522656261920929
69.76550674438477,0.5237876921892166,69.77323913574219,0.522656261920929
69.76271318134509,0.5240635385638789,69.7729263305664,0.522656261920929
69.76630200837788,0.523704101380549,69.77306365966797,0.522656261920929
69.76337212010434,0.5239966692108857,69.77297973632812,0.522656261920929
69.76303562365081,0.5240301121222345,69.77326965332031,0.522656261920929
69.76395376105057,0.5239381562722357,69.77320098876953,0.522656261920929
69.76595707943565,0.5237375356649098,69.7730941772461,0.522656261920929
69.76394974557977,0.5239381523508775,69.77305603027344,0.522656261920929
69.76219598870529,0.5241136935196424,69.77324676513672,0.522656261920929
69.76453419735557,0.5238796386279558,69.77313232421875,0.522656261920929
69.76161053306178,0.5241722197909104,69.77297973632812,0.522656261920929
69.76420031095806,0.5239130776179465,69.7739028930664,0.522656261920929
69.76712578221371,0.5236205042977082,69.77281188964844,0.5234375
69.76446452893708,0.5238880005322004,69.77389526367188,0.522656261920929
69.76433643541839,0.5239047227721465,69.772705078125,0.5234375
69.76263427734375,0.5240719043894818,69.77220153808594,0.5234375
69.76680093062551,0.5236539448562422,69.77262878417969,0.5234375
69.76228232132762,0.5241053449480158,69.77252960205078,0.5234375
69.76427941573293,0.5239047219878749,69.7725830078125,0.5234375
69.76485945049085,0.5238461980694219,69.77314758300781,0.522656261920929
69.76819831446598,0.5235118293448499,69.77279663085938,0.5234375
69.76354237606651,0.5239799524608412,69.7750244140625,0.522656261920929
69.76562640541478,0.5237709723020855,69.7720947265625,0.5234375
69.76644656532689,0.5236873791406029,69.77198028564453,0.5234375
69.76471529508892,0.5238629218779112,69.77250671386719,0.5234375
69.76588480096115,0.5237458967848828,69.77668762207031,0.522656261920929
69.7640286495811,0.5239298022107074,69.77661895751953,0.522656261920929
69.76452676873458,0.5238796449021289,69.77545166015625,0.522656261920929
69.76418665835732,0.5239130791864897,69.77252197265625,0.5234375
69.76443280671772,0.5238879989636572,69.77284240722656,0.522656261920929
69.76259151257966,0.5240719059580251,69.77291870117188,0.522656261920929
69.76183519865337,0.5241471325096331,69.77252197265625,0.5234375
69.76467754966335,0.5238629234464545,69.77254486083984,0.5234375
69.76467614424855,0.523862920309368,69.77261352539062,0.5234375
69.7631671303197,0.5240133898822885,69.77245330810547,0.5234375
69.76517044870477,0.5238127716277775,69.77249145507812,0.5234375
69.76157419305099,0.5241722103796507,69.772216796875,0.5234375
69.76449645193,0.5238796441178573,69.77220916748047,0.5234375
69.76282400833934,0.524046831225094,69.77238464355469,0.5234375
69.76349258422852,0.5239799571664709,69.77236938476562,0.5234375
69.76476769698293,0.5238545584051233,69.76942443847656,0.5234375
69.76673367148952,0.5236790148835433,69.770751953125,0.5234375
69.76663529245477,0.5236790188049015,69.77225494384766,0.5234375
69.7655278256065,0.5238339963712191,69.77703857421875,0.522656261920929
69.76273285715203,0.5241053394581142,69.77706909179688,0.522656261920929
69.76586171200401,0.5237709707335422,69.77696228027344,0.522656261920929
69.76288243343956,0.5240635534650401,69.77694702148438,0.522656261920929
69.76570530941612,0.5237793302849719,69.77693176269531,0.522656261920929
69.76335525512695,0.5240133953721899,69.77693176269531,0.522656261920929
69.76326671399568,0.524021747865175,69.77691650390625,0.522656261920929
69.762426275956,0.5241053363210276,69.77691650390625,0.522656261920929
69.76576574225174,0.5237709746549004,69.77691650390625,0.522656261920929
69.7647610714561,0.5238712806450693,69.77691650390625,0.522656261920929
69.76375599911339,0.5239715882037815,69.77691650390625,0.522656261920929
69.76375338905736,0.5239715929094114,69.77691650390625,0.522656261920929
69.76466992026882,0.5238796347065976,69.77690124511719,0.522656261920929
69.76349519428454,0.523996673132244,69.77690124511719,0.522656261920929
69.76249172813014,0.5240969736325113,69.77690887451172,0.522656261920929
69.76399712813527,0.5239465095494923,69.77690887451172,0.522656261920929
69.76374335038035,0.5239715944779547,69.77690124511719,0.522656261920929
69.76207231220447,0.5241387776638332,69.77690124511719,0.522656261920929
69.7629061247173,0.5240551899922522,69.77690124511719,0.522656261920929
69.76507909674393,0.5238378494977951,69.77690124511719,0.522656261920929
69.76482792904503,0.5238629226621828,69.77690124511719,0.522656261920929
69.7653250443308,0.5238127622165178,69.77690124511719,0.522656261920929
69.76482451589484,0.5238629163880097,69.77690124511719,0.522656261920929
69.76524152253803,0.5238211241207624,69.77690124511719,0.522656261920929
69.76356807507966,0.5239883112279993,69.77690124511719,0.522656261920929
69.76732836271587,0.5236121431777352,69.77690124511719,0.522656261920929
69.76214157907586,0.5241304267393915,69.77687072753906,0.522656261920929
69.76295230263158,0.5240468273037359,69.77681732177734,0.522656261920929
69.76282641762181,0.5240635440537804,69.7757797241211,0.522656261920929
69.76780158595035,0.5235787128147326,69.77546691894531,0.522656261920929
69.76323760183234,0.524021754139348,69.77455139160156,0.522656261920929
69.76137261641652,0.5248029937869624,69.77690124511719,0.522656261920929
69.76574446025647,0.5237883737212733,69.77165222167969,0.5234375
69.7641167891653,0.523946505628134,69.77497100830078,0.522656261920929
69.7635528162906,0.5239966684266141,69.7752914428711,0.522656261920929
69.76324462890625,0.5240217431595451,69.77452850341797,0.522656261920929
69.76422862002724,0.5239214363851046,69.773681640625,0.522656261920929
69.76244856181897,0.5240969799066845,69.77310943603516,0.522656261920929
69.7646887929816,0.5238712829978842,69.77296447753906,0.522656261920929
69.76225340993781,0.5241136895982843,69.7744140625,0.522656261920929
69.76223092330129,0.5241137037151739,69.77452850341797,0.522656261920929
69.76362107929431,0.5239715944779547,69.77462768554688,0.522656261920929
69.76411357678865,0.5239214387379194,69.774658203125,0.522656261920929
69.765111822831,0.5238211311792073,69.7747802734375,0.522656261920929
69.76176653410259,0.5241554975509644,69.77452087402344,0.522656261920929
69.76326611167507,0.5240050326836737,69.77429962158203,0.522656261920929
69.76460205881219,0.5238712822136126,69.77436828613281,0.522656261920929
69.75958392494603,0.5243728396139646,69.77421569824219,0.522656261920929
69.76384393792404,0.5239465111180356,69.7737045288086,0.522656261920929
69.76484640021073,0.5238462066964099,69.77397918701172,0.522656261920929
69.76333939401727,0.5239966668580708,69.77363586425781,0.522656261920929
69.76425753141704,0.5239047219878749,69.77355194091797,0.522656261920929
69.76325406526264,0.5240050240566856,69.77324676513672,0.522656261920929
69.76459021317332,0.5238712798607977,69.77352142333984,0.522656261920929
69.76417260420949,0.5239130815393046,69.77336120605469,0.522656261920929
69.76592435334858,0.5237375372334531,69.77346801757812,0.522656261920929
69.7632488451506,0.5240050311151304,69.77352905273438,0.522656261920929
69.7639997381913,0.5239298014264357,69.77354431152344,0.522656261920929
69.7665043881065,0.5236790195891732,69.77317810058594,0.522656261920929
69.76533448068719,0.5237960486035598,69.77335357666016,0.522656261920929
69.7614053425036,0.524188936540955,69.77336883544922,0.522656261920929
69.76173842580695,0.524155498335236,69.77301788330078,0.522656261920929
69.76365902549342,0.5239632333579817,69.77333068847656,0.522656261920929
69.76591652318051,0.5237375286064649,69.773193359375,0.522656261920929
69.76240539550781,0.5240886234923413,69.77322387695312,0.522656261920929
69.76332393445466,0.5239966699951574,69.7734375,0.522656261920929
69.76582998978465,0.5237458991376978,69.7734603881836,0.522656261920929
69.76607854742753,0.5237208110721487,69.77328491210938,0.522656261920929
69.76540936921772,0.5237876874835867,69.77317810058594,0.522656261920929
69.76273466411389,0.524055183718079,69.77313232421875,0.522656261920929
69.76356787430613,0.5239715866352382,69.77330780029297,0.522656261920929
69.59738159179688,0.5408985975541567,69.50347900390625,0.550000011920929
69.45631087453742,0.5548632725288993,69.50330352783203,0.550000011920929
69.4531589307283,0.5550623081232372,69.49758911132812,0.55078125
69.44901476408306,0.5554692039364263,69.498046875,0.55078125
69.44798479582134,0.5555964018169203,69.49636840820312,0.55078125
69.44953396445827,0.5554041423295674,69.49591064453125,0.55078125
69.4461605674342,0.555786636314894,69.49870300292969,0.55078125
69.44699618690892,0.5556971681745428,69.49591064453125,0.55078125
69.44454032496402,0.5559163203364924,69.4963150024414,0.55078125
69.4427241275185,0.5560923061872783,69.49573516845703,0.55078125
69.44390688444439,0.5559746011307365,69.49585723876953,0.55078125
69.43999139886154,0.5563674788726004,69.49576568603516,0.55078125
69.44410263864617,0.5559411535137578,69.49590301513672,0.55078125
69.44128156963147,0.5562292117821542,69.49610137939453,0.55078125
69.44087721172131,0.5562915692203924,69.49795532226562,0.55078125
69.44091315018504,0.5562671799408762,69.498046875,0.55078125
69.43949890136719,0.5564009264895791,69.49853515625,0.55078125
69.44272633602745,0.5560749031995472,69.50060272216797,0.550000011920929
69.44112978483501,0.5562337433037005,69.50199890136719,0.550000011920929
69.44262574848376,0.5560916223024067,69.4959945678711,0.55078125
69.44141869795949,0.5562125036590978,69.50007629394531,0.550000011920929
69.44509506225586,0.5558363324717471,69.50067138671875,0.550000011920929
69.44323389153732,0.556020239466115,69.50042724609375,0.550000011920929
69.44246994821648,0.5560954715076246,69.50074768066406,0.550000011920929
69.44213305021587,0.5561289081448003,69.5010757446289,0.550000011920929
69.44246533042507,0.556095479350341,69.50138854980469,0.550000011920929
69.43865304244191,0.5564906173630765,69.49947357177734,0.55078125
69.43271175183747,0.5570780195687947,69.49697875976562,0.55078125
69.37857276514957,0.5625625880141008,69.47769165039062,0.5523437261581421
69.35871967516448,0.5645100568470202,69.47708129882812,0.5523437261581421
69.27786576120477,0.5729099637583682,69.39971923828125,0.5601562857627869
69.21020768818103,0.5794986204097146,69.38627624511719,0.561718761920929
69.20874103746917,0.5795130917900487,69.37866973876953,0.5625
69.20539072940224,0.5798646274365877,69.37938690185547,0.5625
69.20379678826583,0.5800175902090574,69.37921905517578,0.5625
69.20165935315583,0.5802245218502847,69.38058471679688,0.5625
69.19592887476871,0.5808636812787307,69.37188720703125,0.563281238079071
69.18226864463405,0.5822560504863137,69.35517883300781,0.5648437738418579
69.15242185090717,0.5851722971389168,69.33956909179688,0.56640625
69.15177837171052,0.5852434603791488,69.33391571044922,0.567187488079071
69.14152627242238,0.5863048653853568,69.33169555664062,0.567187488079071
69.13480879131116,0.5869507789611816,69.31636047363281,0.5687500238418579
69.13225033408717,0.5872268582645216,69.31605529785156,0.5687500238418579
68.9665712055407,0.6047078371047974,68.68877410888672,0.6351562738418579
68.30681007786801,0.6708861307093972,68.45895385742188,0.6546875238418579
68.26793048256322,0.6738938579433843,68.45800018310547,0.6546875238418579
68.25789260864258,0.6747331948656785,68.46809387207031,0.6539062261581421
68.25291442871094,0.6753576413581246,68.4715347290039,0.6539062261581421
68.24803944637901,0.6758863016178733,68.46941375732422,0.653124988079071
68.2425970780222,0.6762565970420837,68.47289276123047,0.653124988079071
68.24204655697471,0.6763085597439816,68.47232818603516,0.653124988079071
68.2389484204744,0.6766214574638166,68.48149871826172,0.65234375
68.23912329422801,0.6765814768640619,68.48727416992188,0.651562511920929
68.23371967516448,0.677178597763965,68.4866714477539,0.651562511920929
68.23417081330952,0.6771438121795654,68.48707580566406,0.651562511920929
68.23385258724815,0.6771103661311301,68.48558807373047,0.651562511920929
68.23602435463353,0.6768557413628227,68.48649597167969,0.651562511920929
68.23131139654862,0.6773925517734728,68.48698425292969,0.651562511920929
68.2352325037906,0.6769470305819261,68.48505401611328,0.65234375
68.23401300530685,0.6770215740329341,68.48267364501953,0.65234375
68.23143607691715,0.677329515155993,68.47590637207031,0.653124988079071
68.22960120753238,0.6774754602658121,68.47480010986328,0.653124988079071
68.23252467105263,0.6771745226885143,68.47683715820312,0.653124988079071
68.23091245952405,0.6773243248462677,68.47665405273438,0.653124988079071
68.23041092722039,0.6773853207889357,68.48123168945312,0.65234375
68.2300507394891,0.6774354765289708,68.47193145751953,0.653124988079071
68.22875554938065,0.6775389501923009,68.46786499023438,0.6539062857627869
68.22902498747173,0.6775511440477873,68.47604370117188,0.65234375
68.22916010806435,0.6775626806836379,68.47590637207031,0.65234375
68.22826064260383,0.6776205144430462,68.47762298583984,0.65234375
68.23028062519275,0.6774854079673165,68.46742248535156,0.6546875238418579
68.227960084614,0.6776623004361203,68.4675521850586,0.6546875238418579
68.22612641987048,0.677815252228787,68.4719467163086,0.6539062857627869
68.22640228271484,0.6778177446440646,68.46343994140625,0.6539062857627869
68.22510367945621,0.6779675217051255,68.46524810791016,0.6539062857627869
68.22706885086863,0.6777617256892355,68.464599609375,0.6531250476837158
68.22594411749589,0.6778247419156527,68.47760009765625,0.65234375
68.22566484150134,0.6778941044681951,68.47708892822266,0.6531250476837158
68.22379463597348,0.6780734956264496,68.46947479248047,0.6531250476837158
68.22256429571854,0.6782058853852121,68.47779846191406,0.6531250476837158
68.22408214368318,0.6780714580887243,68.47386169433594,0.6531250476837158
68.22280662938168,0.6781100897412551,68.47357177734375,0.6531250476837158
68.22219888787521,0.6782045160469256,68.4743881225586,0.6531250476837158
68.22433029977898,0.6779871881008148,68.47289276123047,0.6531250476837158
68.22132612529553,0.6783041671702736,68.4752197265625,0.6531250476837158
68.22128175434314,0.6782752369579516,68.48130798339844,0.65234375
68.22293592754163,0.6781279381952787,68.47067260742188,0.6531250476837158
68.21960589760228,0.6784661537722537,68.47498321533203,0.65234375
68.21691111514443,0.6787297992329848,68.48070526123047,0.65234375
68.22208504927785,0.6782237259965194,68.49093627929688,0.6507812738418579
68.22149397197522,0.67826100085911,68.47925567626953,0.6531250476837158
68.22151806480007,0.678309795103575,68.48448181152344,0.6531250476837158
68.21919772499486,0.6785278163458172,68.49501037597656,0.6507812738418579
68.22438290244655,0.6779781454487851,68.49333190917969,0.651562511920929
68.22046922382556,0.6784069475374723,68.494873046875,0.6500000357627869
68.22155621177272,0.678244959366949,68.4952621459961,0.651562511920929
68.22080712569387,0.6783446026475806,68.48490905761719,0.6531250476837158
68.21913789447986,0.678498912798731,68.48365783691406,0.65234375
68.21978398373253,0.6784557480561105,68.48434448242188,0.651562511920929
68.21767586155941,0.6786358183936069,68.47940826416016,0.6523438096046448
68.21948402806332,0.6785097482957338,68.4766616821289,0.6531250476837158
68.2199871665553,0.678394753681986,68.47892761230469,0.6531250476837158
68.22192824514289,0.6782679996992412,68.47889709472656,0.653124988079071
68.22049010427375,0.6783979268450486,68.48095703125,0.6523438096046448
68.22019175479286,0.6784171226777529,68.47461700439453,0.6539062857627869
68.21832395854749,0.6785965028562044,68.47979736328125,0.653124988079071
68.21774994699578,0.678635132940192,68.48095703125,0.653124988079071
68.2161586159154,0.6788305640220642,68.47953796386719,0.653124988079071
68.21773027118884,0.6786267835842935,68.47676086425781,0.6523438096046448
68.2184066772461,0.6785515405629811,68.47758483886719,0.653124988079071
68.21929449784129,0.6784596066725882,68.47816467285156,0.653124988079071
68.22077118723016,0.6783052792674616,68.47789764404297,0.6523438096046448
68.21797501413445,0.678565103756754,68.4869384765625,0.651562511920929
68.21822236713611,0.6785888232682881,68.47943115234375,0.6531250476837158
68.21644311202199,0.6787971399332348,68.4801254272461,0.6523438096046448
68.21948081568668,0.6784422052534003,68.48221588134766,0.6523438096046448
68.21997632478413,0.6784164482041409,68.48674774169922,0.651562511920929
68.216704719945,0.6787546559383995,68.48739624023438,0.6507812142372131
68.21768489636872,0.6786376237869263,68.48631286621094,0.6523438096046448
68.21986369082802,0.6784119198196813,68.4892578125,0.651562511920929
68.21919772499486,0.6784742772579193,68.48970794677734,0.651562511920929
68.21729840730366,0.6786665336081856,68.487060546875,0.651562511920929
68.21741927297492,0.6786536621420007,68.48816680908203,0.6523438096046448
68.21839844553094,0.6785739001474882,68.48857879638672,0.6523438096046448
68.21778528313888,0.6786285905461562,68.49089050292969,0.651562511920929
68.21789068924754,0.6785996713136372,68.48834228515625,0.651562511920929
68.21881705836246,0.67850703314731,68.49311828613281,0.651562511920929
68.21659489681846,0.6787288988891401,68.49476623535156,0.6507812142372131
68.21896241840564,0.6785481572151184,68.49237060546875,0.651562511920929
68.21518165186832,0.6788992442582783,68.4892578125,0.651562511920929
68.21735462389495,0.678665186229505,68.48915100097656,0.65234375
68.2160190783049,0.6788034501828646,68.48503875732422,0.651562511920929
68.21577574077405,0.6787996103889063,68.49019622802734,0.651562511920929
68.21690970972965,0.6787069800652956,68.48931884765625,0.651562511920929
68.21747508801911,0.6786773989075109,68.50081634521484,0.6507812142372131
68.21731527228104,0.6786613338872006,68.50297546386719,0.6492187976837158
68.21564764725535,0.6788323741210135,68.49285888671875,0.651562511920929
68.21823722437809,0.6785770733105508,68.49246978759766,0.651562511920929
68.21544506675319,0.6788529283122012,68.49346923828125,0.651562511920929
68.21599398161236,0.6787905693054199,68.49898529052734,0.6507812142372131
68.2187684711657,0.6785397984479603,68.48762512207031,0.65234375
68.21808343184621,0.678610517790443,68.48661804199219,0.6523438096046448
68.21698981837223,0.6786825782374332,68.48411560058594,0.6531250476837158
68.21587933992085,0.6788362154835149,68.47425079345703,0.6539062857627869
68.21671214856599,0.678752623106304,68.48432922363281,0.6531250476837158
68.2185243305407,0.6785359680652618,68.47909545898438,0.6539062857627869
68.21578738563939,0.6788111407505838,68.48806762695312,0.651562511920929
68.21534206992702,0.678836221757688,68.48380279541016,0.6523438096046448
68.21556352314197,0.6788438966399745,68.49462890625,0.651562511920929
68.21496120252107,0.6789146097082841,68.4908676147461,0.651562511920929
68.21516057064659,0.678910084460911,68.50402069091797,0.6500000357627869
68.21731165835732,0.6786979483930689,68.48320007324219,0.65234375
68.22021604839124,0.6784523615711614,68.48949432373047,0.651562511920929
68.21963541131271,0.6785623901768735,68.49974060058594,0.6500000357627869
68.22430741159539,0.6781557202339172,68.50011444091797,0.6499999761581421
68.22421063874897,0.6781512059663471,68.50856018066406,0.6500000357627869
68.22497096814607,0.6780965359587419,68.50267028808594,0.6499999761581421
68.22436985216643,0.6780411726550052,68.49039459228516,0.651562511920929
68.22067381206311,0.6784010717743322,68.51039123535156,0.6484375
68.21896904393246,0.6785289519711545,68.50091552734375,0.6499999761581421
68.21886403937089,0.6785321157229575,68.49063873291016,0.651562511920929
68.21876425492137,0.6785269222761455,68.50843811035156,0.649218738079071
68.217235364412,0.6786805454053377,68.50138854980469,0.6507812738418579
68.21493108649003,0.6789139258234125,68.50592041015625,0.6484375
68.21572956285979,0.6788405070179387,68.5025634765625,0.6484375
68.11505689119038,0.6891465453725112,68.41859436035156,0.6578125357627869
68.11033007973118,0.6894619245278207,68.40129852294922,0.660937488079071
68.1078334607576,0.689740284493095,68.39836120605469,0.6601561903953552
68.107959948088,0.6896322824453053,68.39826965332031,0.6609375476837158
68.1064224243164,0.6898444294929504,68.39275360107422,0.6609374284744263
68.10435224834241,0.6899928576067874,68.38981628417969,0.6617187261581421
68.10552075034694,0.6898674776679591,68.40628814697266,0.660937488079071
68.1082484596654,0.6895819055406671,68.40225219726562,0.6617187261581421
68.10418339779503,0.689996024495677,68.40494537353516,0.66015625
68.10668081986277,0.689780708990599,68.40182495117188,0.659375011920929
68.10461184853001,0.6899845035452592,68.39048767089844,0.6617187261581421
68.10507623772872,0.689880349134144,68.39431762695312,0.6609375476837158
68.10474014282227,0.689958067316758,68.39169311523438,0.6617187261581421
68.10428418611225,0.6899632654691997,68.39885711669922,0.66015625
68.10503086290862,0.6899040811940244,68.39677429199219,0.6609374284744263
68.1057418020148,0.6898410351652848,68.3954086303711,0.6609374284744263
68.1041189494886,0.690019744007211,68.40523529052734,0.66015625
68.10456767835115,0.6899438406291761,68.4114761352539,0.6585937142372131
68.05707570126182,0.6947549079593859,68.29159545898438,0.6718749403953552
68.04736167506168,0.6957614155192124,68.30523681640625,0.6695312261581421
68.04367768137078,0.6960944329437456,68.29444122314453,0.6710937023162842
68.04518488833779,0.6959073794515509,68.30549621582031,0.6695312261581421
68.04488593653629,0.6959669950761294,68.31556701660156,0.66796875
68.04186891254626,0.6962024130319294,68.30282592773438,0.6695312261581421
68.04074759232371,0.6963847452088406,68.30949401855469,0.6695312261581421
68.03903680098684,0.6965550795981759,68.29551696777344,0.6703124642372131
68.04014105545848,0.6963673547694558,68.2989730834961,0.6703124642372131
68.03424473812706,0.6971788720080727,68.28689575195312,0.6710937023162842
68.0325275220369,0.6971641967171117,68.28113555908203,0.671875
68.0339574311909,0.6970507737837339,68.27674865722656,0.671875
68.02839078401264,0.6976074513636137,68.26573944091797,0.6734374761581421
68.02752846165707,0.6976447293632909,68.26332092285156,0.675000011920929
68.02924788625617,0.6974556289221111,68.27933502197266,0.672656238079071
68.02593913831208,0.6978214006674918,68.26275634765625,0.675000011920929
68.02929667422646,0.6974922214683733,68.26756286621094,0.672656238079071
68.02709619622482,0.6977326164120122,68.26644897460938,0.6749999523162842
68.0268958242316,0.69771724311929,68.29218292236328,0.6703124642372131
68.02598190307617,0.6978792375639865,68.28642272949219,0.671875
68.02312288786236,0.6981273073899118,68.2874984741211,0.671093761920929
68.02361879850689,0.6980461917425457,68.2802963256836,0.6734375357627869
68.02271712453742,0.698141988955046,68.26860046386719,0.6742187142372131
68.02267757214997,0.698095683988772,68.27772521972656,0.6734375357627869
68.01619318911904,0.6988075752007333,68.28522491455078,0.6726562976837158
68.01753817106548,0.698653928543392,68.2852783203125,0.671875
68.013696770919,0.6990273939935785,68.2953109741211,0.671093761920929
68.01427760877107,0.699019486966886,68.29185485839844,0.671093761920929
68.01402282714844,0.6990431970671603,68.2850570678711,0.671875
68.0096371299342,0.6994385782041048,68.2806625366211,0.672656238079071
68.00919020803352,0.6995992095846879,68.27613830566406,0.6734374761581421
68.00899947317023,0.6995368521464499,68.286865234375,0.6734374761581421
68.01116561889648,0.6993271881028226,68.28266906738281,0.672656238079071
68.00854873657227,0.6995894814792433,68.30374908447266,0.6695312857627869
68.00976602654708,0.6994076198653171,68.29670715332031,0.6703125238418579
68.01089638157895,0.6993927030186904,68.28483581542969,0.6718749403953552
68.00959757754677,0.6995000384355846,68.28697967529297,0.6710937023162842
68.0078155116031,0.6996518420545679,68.28297424316406,0.672656238079071
68.00671366641396,0.6998452497156042,68.29991149902344,0.6695312261581421
68.00824556852642,0.6996665377365915,68.29464721679688,0.6703125238418579
68.0084114074707,0.6996832411540183,68.28811645507812,0.671875
68.00888663844059,0.6996613333099767,68.2787094116211,0.672656238079071
67.96254790456672,0.7042385888727087,68.20751953125,0.6796875
67.9484634399414,0.7055771978277909,68.19889831542969,0.680468738079071
67.94689339085629,0.7056973874568939,68.21253967285156,0.6796874403953552
67.9456951743678,0.7058663807417217,68.21949768066406,0.678906261920929
67.94493845889443,0.705937092241488,68.22135925292969,0.678906261920929
67.94336379201789,0.7060534279597434,68.2115478515625,0.6796875
67.9428775185033,0.7061311586907035,68.23912048339844,0.6749999523162842
67.94209711175216,0.7061632291266793,68.22773742675781,0.6781249642372131
67.94183731079102,0.706265367959675,68.22616577148438,0.6773437261581421
67.94085773668792,0.7063085076056028,68.2383041381836,0.676562488079071
67.93966474031147,0.7064768405337083,68.23209381103516,0.6773437261581421
67.93830670808491,0.7066047050450978,68.24781799316406,0.67578125
67.93550190172698,0.7069485673778936,68.22639465332031,0.676562488079071
67.92600089625309,0.7078499950860676,68.22547912597656,0.6781249642372131
67.92459487915039,0.7080079175924,68.21205139160156,0.6789062023162842
67.92411141646535,0.7080020575146926,68.20830535888672,0.6796875
67.92366228605572,0.7080790980866081,68.21003723144531,0.6796875
67.92107009887695,0.7082797194782057,68.19635009765625,0.6812499761581421
67.92402749312551,0.707995488455421,68.19974517822266,0.6804686784744263
67.92041035702354,0.7084075902637682,68.19942474365234,0.6804686784744263
67.92212034526624,0.7081986053993827,68.1988296508789,0.6804686784744263
67.92150437204461,0.7082609659747073,68.1980972290039,0.6804686784744263
67.92109700253135,0.7082943932006234,68.20256805419922,0.6804686784744263
67.92054226523952,0.7083278361119723,68.19888305664062,0.6804686784744263
67.92087474622224,0.7083059188566709,68.20318603515625,0.6796875
67.91849296971371,0.7085476658846203,68.20169830322266,0.6804686784744263
67.92112772088302,0.7082885268487429,68.204345703125,0.6804686784744263
67.92303165636565,0.7081843818488874,68.2032241821289,0.6796875
67.92001985248767,0.7084993092637313,68.2192153930664,0.6781250238418579
67.91804062692742,0.7086452590791803,68.22493743896484,0.6781250238418579
67.91838455200195,0.7086303485067267,68.21126556396484,0.6789063215255737
67.91707711470754,0.7087261598361166,68.21510314941406,0.6796875
67.91669082641602,0.7087537097303491,68.21620178222656,0.6789063215255737
67.91421528866417,0.7089864031264657,68.21356201171875,0.6789063215255737
67.91458591661956,0.7089522951527646,68.21928405761719,0.6789063215255737
67.91471802560906,0.7089066630915591,68.21620178222656,0.6789063215255737
67.91436325876336,0.7089439332485199,68.2166748046875,0.6789063215255737
67.91356980173211,0.7090352130563635,68.21885681152344,0.6789063215255737
67.91351579364978,0.7090596039044229,68.21781921386719,0.6789063215255737
67.9151830171284,0.7088711873481148,68.2156753540039,0.6789063215255737
67.91260548641807,0.709121961342661,68.21559143066406,0.6789063215255737
67.91151327835887,0.7092337906360626,68.21711730957031,0.6789063215255737
67.91324394627621,0.7090460485533664,68.2123794555664,0.6789063215255737
67.91287211367958,0.7090916900258315,68.2130355834961,0.6789063215255737
67.91398881611072,0.7089746610114449,68.21409606933594,0.6789063215255737
67.9096958762721,0.7094240219969499,68.21308898925781,0.6789063215255737
67.91043391980622,0.7093404374624553,68.2113037109375,0.6796875
67.90918771844161,0.7095216277398562,68.21235656738281,0.6789062023162842
67.9049277054636,0.7099077387859947,68.20038604736328,0.6804687976837158
67.90587957281815,0.7098227927559301,68.2144775390625,0.6796875
67.9053955078125,0.7099352949544003,68.21054077148438,0.6796875
67.91259143227025,0.7092200109833166,68.24809265136719,0.6773437857627869
67.90860065660979,0.7097053135696211,68.23461151123047,0.6773437857627869
67.91089891132556,0.7095317934688768,68.25985717773438,0.6742187738418579
67.91004200985557,0.709588497877121,68.19821166992188,0.6804686784744263
67.90999703658254,0.7095562015709124,68.20558166503906,0.6796875
67.90355662295693,0.7101704807657945,68.21688842773438,0.6789062023162842
67.90180547613846,0.7103272754895059,68.20747375488281,0.6812500357627869
67.9009222733347,0.7103869287591231,68.21669006347656,0.6781249642372131
67.89880551789936,0.7105373928421422,68.21563720703125,0.6781249642372131
67.90053819355212,0.7103674976449263,68.20845794677734,0.6796875
67.89771692376388,0.7106568923122004,68.21290588378906,0.678906261920929
67.90194340756065,0.7102705679441753,68.20648956298828,0.680468738079071
67.89792673211349,0.7106112649566249,68.20735931396484,0.6796875
67.89998385780736,0.710389400783338,68.21022033691406,0.6796875
67.89920425415039,0.7104973996940412,68.20346069335938,0.680468738079071
67.89877018175628,0.710521798384817,68.20210266113281,0.680468738079071
67.89535080759148,0.7108561725992906,68.20527648925781,0.680468738079071
67.89639844392475,0.7107391388792741,68.20388793945312,0.680468738079071
67.89580495733964,0.7108130078566702,68.2042236328125,0.680468738079071
67.89678071674548,0.7107043501577879,68.20439147949219,0.680468738079071
67.89410038998253,0.7109928585981068,68.19004821777344,0.6812499761581421
67.8949647200735,0.7108830433142813,68.19331359863281,0.6812499761581421
67.89068784211811,0.7113538776573382,68.18948364257812,0.6812499761581421
67.88765616165965,0.7115987900056338,68.17915344238281,0.6828125715255737
67.89122852526214,0.7112720891049034,68.19483947753906,0.6812499761581421
67.88492845234119,0.7119148373603821,68.18356323242188,0.6812499761581421
67.88675609387849,0.711730276283465,68.18975830078125,0.6812499761581421
67.88439058002673,0.7120020546411213,68.22193908691406,0.6781250238418579
67.88160203632556,0.7123131610845265,68.19037628173828,0.6812499761581421
67.88109769319233,0.7123316793065322,68.23802185058594,0.675000011920929
67.87896889134457,0.7125187578954195,68.21926879882812,0.6796875596046448
67.87856232492547,0.7126041588030363,68.18146514892578,0.682812511920929
67.87777107640316,0.7126312585253465,68.19328308105469,0.6812499761581421
67.87797847547029,0.7126292288303375,68.20223999023438,0.680468738079071
67.87822602924548,0.7126124971791318,68.16639709472656,0.6843750476837158
67.87731050190173,0.7126330733299255,68.17598724365234,0.6828124523162842
67.86999672337582,0.713486843987515,68.16180419921875,0.6843750476837158
67.86731539274517,0.713765865878055,68.18511962890625,0.6812499761581421
67.87034446314762,0.7135073903359865,68.17353057861328,0.682812511920929
67.86691605417352,0.7137593015244132,68.19111633300781,0.6812499761581421
67.8664331938091,0.7138499052901017,68.18451690673828,0.6820312738418579
67.86334710372121,0.7141494829403726,68.18614196777344,0.6820312738418579
67.86444212260999,0.7140844134907973,68.1665267944336,0.6851563453674316
67.86359686600535,0.7141454172761816,68.15724182128906,0.6859375238418579
67.86108518901624,0.714385123629319,68.16456604003906,0.6843749284744263
67.85771299663342,0.7146808536429154,68.18043518066406,0.6812499761581421
67.85956714027806,0.7144673545109598,68.1607437133789,0.6843749284744263
67.84683247616417,0.7157619124964664,68.1580810546875,0.6835936307907104
67.84620064183285,0.7158190655080896,68.15281677246094,0.6851562261581421
67.84365904958625,0.7160908470028325,68.166748046875,0.6843749284744263
67.8430515088533,0.7162250531347174,68.15473937988281,0.6851562261581421
67.84147864893863,0.7163124900115164,68.14456939697266,0.686718761920929
67.84050931428608,0.7164634152462608,68.16349029541016,0.6843750476837158
67.83820242630809,0.7165811124600863,68.17057037353516,0.6828124523162842
67.8374356721577,0.716769300009075,68.16206359863281,0.6851562261581421
67.8351034867136,0.7169441768997594,68.15652465820312,0.6851562261581421
67.83449715062191,0.716919775071897,68.16481018066406,0.6843750476837158
67.83558132773952,0.7168598990691336,68.1656494140625,0.6828124523162842
67.83385969463147,0.7170187376047436,68.16390991210938,0.6835936903953552
67.83567549052991,0.7168425039241189,68.17071533203125,0.6828124523162842
67.83138435765316,0.7172765198506807,68.17040252685547,0.6828124523162842
67.83356817145096,0.7170417700943194,68.1746597290039,0.6828124523162842
67.83364526849044,0.7170494481136924,68.17869567871094,0.6820312142372131
67.83243460404246,0.7171644568443298,68.18270874023438,0.6812499761581421
67.83013514468544,0.7174068752088045,68.1573486328125,0.6867187023162842
67.83169676128186,0.7172609159820958,68.17483520507812,0.6820312142372131
67.83013614855315,0.717439635803825,68.17703247070312,0.6820312142372131
67.83038390310188,0.7174034808811388,68.19395446777344,0.680468738079071
67.830810546875,0.7173361527292352,68.19593048095703,0.680468738079071
67.82928326255397,0.7175211922118538,68.19485473632812,0.680468738079071
67.82974303396125,0.7174330824299863,68.1944351196289,0.6796875
67.83002973857678,0.7174079951487089,68.19561767578125,0.680468738079071
67.8296446549265,0.7174452794225592,68.187744140625,0.6812500357627869
67.82898491307309,0.7174954445738542,68.19464111328125,0.680468738079071
67.82898551539371,0.7175031147505108,68.18157958984375,0.6820312142372131
67.81024571468956,0.7194191970323262,68.17625427246094,0.682812511920929
67.80190758956105,0.7202727355455097,68.20133972167969,0.678906261920929
67.79961094103362,0.7205734472525748,68.20097351074219,0.6804686784744263
67.79797965601871,0.7206929592709792,68.20401000976562,0.6804686784744263
67.79726229215923,0.7207211930500833,68.21966552734375,0.6796874403953552
67.7973488255551,0.7207720420862499,68.22260284423828,0.6781249642372131
67.79581612034848,0.7209211446736988,68.20020294189453,0.6789062023162842
67.79701774998715,0.7208856642246246,68.19793701171875,0.6796874403953552
67.7990423503675,0.7206222446341264,68.19786071777344,0.680468738079071
67.79882149947316,0.7206093731679415,68.18991088867188,0.6835936903953552
67.79662302920693,0.7208940386772156,68.17312622070312,0.6820312142372131
67.7953987121582,0.7209455402273881,68.1835708618164,0.682812511920929
67.79478193584241,0.7210456305428555,68.16104125976562,0.6843750476837158
67.79451310007195,0.7210596360658345,68.15180969238281,0.6859375238418579
67.79144989816766,0.7213849613541051,68.16475677490234,0.68359375
67.79106260600842,0.7213585329683203,68.15374755859375,0.6843749284744263
67.78901009810598,0.7215770043824848,68.15214538574219,0.6843749284744263
67.78689635427375,0.7217209292085547,68.17112731933594,0.682812511920929
67.78567263954564,0.7219592724975786,68.17484283447266,0.6828124523162842
67.78617979350842,0.7219418789211073,68.16122436523438,0.6835936903953552
67.78916569759971,0.721605238161589,68.17562866210938,0.682812511920929
67.78908177425987,0.7215268517795362,68.16468048095703,0.684374988079071
67.78610671193977,0.7219041429067913,68.16336059570312,0.6843750476837158
67.78361832468133,0.7221867740154266,68.16480255126953,0.684374988079071
67.78250965319182,0.7222721811972166,68.17790222167969,0.68359375
67.78013711226613,0.7224938195002707,68.18850708007812,0.6820312738418579
67.77788724397358,0.7226718303404356,68.18949127197266,0.680468738079071
67.77883268657483,0.7225496063106939,68.16697692871094,0.6835936903953552
67.77586304514031,0.7228659171807138,68.18061828613281,0.6820312142372131
67.77608048288445,0.7227778011246732,68.1717529296875,0.68359375
67.77468651219418,0.7229031889062179,68.17291259765625,0.68359375
67.77297150461297,0.7231024597820482,68.17518615722656,0.6828124523162842
67.77563496639854,0.7228265938005949,68.17210388183594,0.68359375
67.77407395212273,0.7229770563150707,68.17439270019531,0.6820312738418579
67.77494992707905,0.7228973147116209,68.17326354980469,0.6828124523162842
67.77345898276882,0.723047104321028,68.1733169555664,0.6828124523162842
67.77485496119449,0.7228921118535494,68.1739730834961,0.6828124523162842
67.77372681467156,0.7230123155995419,68.17405700683594,0.6828124523162842
67.77300724230315,0.7230746557838038,68.17391967773438,0.6828124523162842
67.76937826056229,0.7234951069480494,68.1814193725586,0.6820312738418579
67.77343589381168,0.7230482352407355,68.18158721923828,0.6820312738418579
67.77324074193051,0.7231008630049857,68.16581726074219,0.6851562261581421
67.77112438804225,0.723271895396082,68.17542266845703,0.6835936903953552
67.7714151081286,0.7232486323306435,68.17195129394531,0.68359375
67.76964950561523,0.7234182906778235,68.16847229003906,0.6843749284744263
67.76824911017167,0.7235635644511172,68.16954040527344,0.6843749284744263
67.76749199315121,0.723618253281242,68.16925048828125,0.6851562261581421
67.76805656834652,0.7235719247868186,68.16207885742188,0.6851562857627869
67.7674644871762,0.7236342822250567,68.16072845458984,0.6851562857627869
67.76639597039474,0.7237345842938674,68.16394805908203,0.6851562857627869
67.76650458888004,0.7237255588958138,68.17578125,0.6820312142372131
67.76774316085012,0.723595645866896,68.18995666503906,0.680468738079071
67.7684510883532,0.7235082184013567,68.1950912475586,0.680468738079071
67.76445067556281,0.7239286632914292,68.19204711914062,0.6796875
67.76579545673572,0.7238025900564695,68.1961669921875,0.680468738079071
67.76416899028577,0.7239614301606229,68.1904067993164,0.6804687976837158
67.7678915324964,0.7235646828224784,68.1803207397461,0.6820312142372131
67.76423384013928,0.7239715833412973,68.18772888183594,0.6820312738418579
67.76552501477693,0.723862919368242,68.17267608642578,0.684374988079071
67.7648761146947,0.7239162278802771,68.16395568847656,0.686718761920929
67.76362810636822,0.724042291703977,68.18013000488281,0.6835936903953552
67.7634680898566,0.7241039840798629,68.164794921875,0.6851562261581421
67.76346688521535,0.7240789093469319,68.18526458740234,0.6820312142372131
67.7645791706286,0.7240269435079474,68.20201110839844,0.6789062023162842
67.7657400432386,0.7239433495621932,68.18334197998047,0.682812511920929
67.76646563881322,0.7238977065211848,68.1915283203125,0.6812499761581421
67.76909235904091,0.7235495542225084,68.13336181640625,0.6875
67.77165302477385,0.7234659681194707,68.1786880493164,0.6820312142372131
67.77234147724353,0.7233656644821167,68.19348907470703,0.6812500357627869
67.77040581954152,0.72355024281301,68.21068572998047,0.6796875
67.77117016440944,0.7233907282352448,68.18385314941406,0.6828125715255737
67.77070276360763,0.7234530888105694,68.19065856933594,0.6804687976837158
67.76625683433132,0.7238983888375131,68.19100952148438,0.6820312738418579
67.76877654226203,0.7236713406286741,68.20783996582031,0.6796875
67.76535475881477,0.7240050215470163,68.1943359375,0.680468738079071
67.76688545628598,0.7238082383808336,68.17701721191406,0.6820312142372131
67.76510098105983,0.72398557631593,68.18804168701172,0.6812500357627869
67.76139831542969,0.7243237997356214,68.20132446289062,0.680468738079071
67.76038621601306,0.7243430096852151,68.22000122070312,0.6781249642372131
67.7625597903603,0.7242002267586557,68.1996841430664,0.680468738079071
67.76005654585988,0.7243918149094832,68.19471740722656,0.680468738079071
67.76079639635589,0.724332614948875,68.19159698486328,0.6812499761581421
67.76175770006682,0.7242277892012345,68.1989517211914,0.6812499761581421
67.76138968216746,0.7242657322632639,68.19760131835938,0.680468738079071
67.75962267423931,0.7244155312839308,68.18904113769531,0.682812511920929
67.75973811902497,0.7244681794392435,68.18546295166016,0.682812511920929
67.76194702951531,0.7241654317629965,68.1890640258789,0.6820312738418579
67.75966363204152,0.7244469350890109,68.18795776367188,0.6812499761581421
67.75892578928094,0.7245870138469496,68.20449829101562,0.680468738079071
67.75633400364926,0.7247837813276994,68.20298767089844,0.6796875
67.75790585969624,0.7246204426414088,68.20582580566406,0.6796875
67.75904344257556,0.7244943709749925,68.20362854003906,0.6781250238418579
67.75695640162418,0.7247078763811212,68.21109008789062,0.6781250238418579
67.75846481323242,0.7245361757905859,68.21028137207031,0.6796875
67.75640608135022,0.7247367971821835,68.20975494384766,0.6781250238418579
67.75731297543174,0.7246615572979576,68.20989227294922,0.678906261920929
67.75547549599095,0.7248287436209226,68.20089721679688,0.678906261920929
67.75944739893863,0.7244275024062709,68.20527648925781,0.678906261920929
67.7569714596397,0.7246859638314498,68.20069885253906,0.680468738079071
67.75703209324887,0.7246654080717188,68.20320129394531,0.678906261920929
67.75679377505654,0.7247026939141122,68.20086669921875,0.678906261920929
67.75605472765471,0.7247772389336636,68.19802856445312,0.6812499761581421
67.75551143445466,0.7248151898384094,68.20136260986328,0.6796875
67.75777314838611,0.7245933319392958,68.18991088867188,0.6820312142372131
67.7578424152575,0.7246055383431284,68.19808959960938,0.6812499761581421
67.75705156828228,0.7246807578362917,68.1922607421875,0.6820312142372131
67.75515907689145,0.7248601584058059,68.1942367553711,0.6820312142372131
67.75443709524055,0.7249437445088437,68.19287109375,0.6820312142372131
67.7558294597425,0.7248016313502663,68.19369506835938,0.6812499761581421
67.7548599243164,0.7249019475359666,68.2033920288086,0.680468738079071
67.75567586798417,0.7248267170630003,68.20523071289062,0.678906261920929
67.75488943802684,0.7248890588158056,68.1980209350586,0.6812499761581421
67.75758442125823,0.7246177290615282,68.20648193359375,0.678906261920929
67.75525424354954,0.7248556237471732,68.20466613769531,0.678906261920929
67.7556485627827,0.7248138361855557,68.20899963378906,0.6796875
67.7563073007684,0.7247386041440462,68.20718383789062,0.6796875
67.7548310129266,0.7248890603843489,68.20674133300781,0.6796875
67.75530022069027,0.724838923466833,68.20379638671875,0.6796875
67.75584190770199,0.7247887583155381,68.21110534667969,0.678906261920929
67.75501170911286,0.7248845570965817,68.19169616699219,0.680468738079071
67.75521408884148,0.7249301875892439,68.17204284667969,0.682812511920929
67.75448487934314,0.7249943535578879,68.19098663330078,0.6812500357627869
67.75450395282947,0.7250560286797976,68.14315795898438,0.6859374642372131
67.75550942671926,0.7249859979278163,68.16246795654297,0.684374988079071
67.75683975219727,0.7248106708652094,68.16845703125,0.6851562261581421
67.75830037970292,0.7247437960223148,68.14509582519531,0.6859375238418579
67.7583371212608,0.7247663940254011,68.14935302734375,0.6859374642372131
67.75804680272152,0.7247065164540943,68.14551544189453,0.6859374642372131
67.75617740028783,0.7248703131550237,68.14089965820312,0.6859375238418579
67.75616515310188,0.7249256717531305,68.14080810546875,0.6867187023162842
67.75478182340923,0.7249835023754522,68.14457702636719,0.6867187023162842
67.7546571430407,0.7249821487225985,68.1470718383789,0.6859374642372131
67.7510562695955,0.7253766169673518,68.14440155029297,0.6859374642372131
67.74796255011307,0.7256298818086323,68.14395141601562,0.6867187023162842
67.74745037681178,0.7256472753851038,68.13911437988281,0.6867187023162842
67.74914611013313,0.725526855180138,68.14616394042969,0.6859374642372131
67.74660130550987,0.7257313179342371,68.14326477050781,0.6859374642372131
67.74622646131013,0.7257563958042547,68.15064239501953,0.6859374642372131
67.74592269094367,0.725809716864636,68.14564514160156,0.6859374642372131
67.74645273309005,0.7257968438299078,68.15037536621094,0.6859374642372131
67.74632002177991,0.7257724388649589,68.13310241699219,0.6874999403953552
67.74516115690533,0.7258971458987186,68.14820861816406,0.686718761920929
67.74503045333059,0.7258912685670351,68.1329345703125,0.686718761920929
67.7458640650699,0.7258397685854059,68.14930725097656,0.6859375238418579
67.74551652607165,0.725835244906576,68.1506118774414,0.6859375238418579
67.74063150506271,0.7263270804756566,68.1654052734375,0.6851562261581421
67.74252218949168,0.7261501880068528,68.16368865966797,0.6851562261581421
67.74218790154708,0.7261745882661719,68.17539978027344,0.6820312738418579
67.74235956292404,0.726125114842465,68.15511322021484,0.684374988079071
67.74110954686215,0.7262787364031139,68.16775512695312,0.6812500357627869
67.74084552965667,0.7263038158416748,68.15425109863281,0.684374988079071
67.74313635575145,0.7260774405379045,68.16716003417969,0.68359375
67.74126133165862,0.7262362759364279,68.17691040039062,0.6820312738418579
67.74160445363898,0.7262439461130845,68.17493438720703,0.6820312738418579
67.74150627537777,0.7262432653652994,68.1649398803711,0.682812511920929
67.7393230639006,0.7264484151413566,68.16447448730469,0.6820312142372131
67.72849052830746,0.7275701322053608,68.11801147460938,0.6906250715255737
67.72563954403526,0.7278161519452145,68.13374328613281,0.6890625357627869
67.72222920467979,0.7282056447706724,68.12985229492188,0.6890625357627869
67.72282971833882,0.728120030541169,68.11367797851562,0.688281238079071
67.72371814125462,0.7280267335866627,68.13397216796875,0.6882811784744263
67.722369746158,0.7281938979500219,68.1591796875,0.68359375
67.72289798134251,0.7281058007165006,68.14227294921875,0.6851562261581421
67.72148453561883,0.7282555887573644,68.14862060546875,0.686718761920929
67.71886725174754,0.7284980039847525,68.15007019042969,0.684374988079071
67.72197703311318,0.7281887060717532,68.13761138916016,0.6875
67.72115486546566,0.7282555840517345,68.14302062988281,0.6859374642372131
67.72094043932464,0.7282761398114657,68.16012573242188,0.684374988079071
67.72014336836965,0.7283886435784792,68.1420669555664,0.6875000596046448
67.72058507015831,0.7283217891266471,68.13948822021484,0.6882812976837158
67.72032787925319,0.7283482159438887,68.13595581054688,0.6882812976837158
67.72135925292969,0.7282524234370181,68.13514709472656,0.6875000596046448
67.72053748682926,0.7283378196390051,68.15579223632812,0.6851562857627869
67.71819586502879,0.7285795635298679,68.14640808105469,0.6875000596046448
67.71985204596268,0.7283886514211956,68.15036010742188,0.6859374642372131
67.72062622873406,0.7283545450160378,68.16152954101562,0.6851562261581421
67.72156424271434,0.7282524171628451,68.13230895996094,0.6890625357627869
67.72192985133121,0.7282210227690245,68.15538024902344,0.684374988079071
67.72060012817383,0.7283687748407063,68.14834594726562,0.686718761920929
67.72314111809982,0.7280725852439278,68.16311645507812,0.6843749284744263
67.72442486411647,0.7279991585957376,68.14762878417969,0.6851562261581421
67.72628744024979,0.7279510278450815,68.15223693847656,0.6851561665534973
67.72688554462634,0.7278868665820674,68.14532470703125,0.6851562857627869
67.73230863872327,0.7275109338132959,68.10062408447266,0.6906250715255737
67.73180529945775,0.7274217009544373,68.18122863769531,0.6812499165534973
67.7293018541838,0.7276851362303683,68.17034912109375,0.682812511920929
67.72707888954564,0.7278534424932379,68.1283187866211,0.6874999403953552
67.72364265040348,0.7281683620653654,68.14378356933594,0.6859374642372131
67.723438463713,0.7281765169218967,68.13180541992188,0.686718761920929
67.72304354215923,0.7281464589269537,68.11924743652344,0.6898437738418579
67.72003956844932,0.7284464992974934,68.13243103027344,0.688281238079071
67.71938946372585,0.7285935706213901,68.13882446289062,0.6859374642372131
67.71980707268966,0.7284894130731884,68.1473159790039,0.6851562261581421
67.71689123856395,0.7287151264516931,68.14506530761719,0.6851561665534973
67.71907545390881,0.7284765416070035,68.14315795898438,0.6867187023162842
67.71687899137798,0.7286931966480455,68.14100646972656,0.6867187023162842
67.71822015862716,0.7285793282483753,68.14665222167969,0.6859374642372131
67.71702595760948,0.7286880126124934,68.15180206298828,0.684374988079071
67.71640737433182,0.7287458416662718,68.16372680664062,0.6835936903953552
67.7140884399414,0.7289997825497075,68.14488220214844,0.6867187023162842
67.71580284520199,0.7288197122122112,68.15460205078125,0.6851561665534973
67.71515033119603,0.7288615138907182,68.15585327148438,0.6851561665534973
67.71494614450555,0.7288942807599118,68.15252685546875,0.6851561665534973
67.71473954853259,0.7289109935885981,68.14118957519531,0.6867186427116394
67.71517542788857,0.7288531629662764,68.15380859375,0.6859374642372131
67.71637625443309,0.728752181718224,68.15408325195312,0.6859374642372131
67.71594700060393,0.7287978027996264,68.15281677246094,0.6859374642372131
67.71443979363693,0.728939911252574,68.14224243164062,0.6867186427116394
67.71486382735402,0.7289109826087952,68.16732788085938,0.684374988079071
67.71546273482473,0.7288402805202886,68.14894104003906,0.6859374642372131
67.71583717747738,0.7288357599785453,68.1371078491211,0.6859374642372131
67.71473151759098,0.7289528015412783,68.15452575683594,0.684374988079071
67.71571109169408,0.7288789106042761,68.12345123291016,0.688281238079071
67.71574080617805,0.7288569980546048,68.13212585449219,0.686718761920929
67.71690870586194,0.7287117227127677,68.14569854736328,0.6859375238418579
67.71423098915501,0.7289618285078752,68.13451385498047,0.6875
67.71418641742908,0.7289771892522511,68.14720916748047,0.6859375238418579
67.7159239116468,0.7287971424429041,68.1431655883789,0.6859374046325684
67.71412859464947,0.7289893893819106,68.1484375,0.6867187023162842
67.71521759033203,0.7288556365590346,68.14154052734375,0.6859375238418579
67.71522923519737,0.728867841394324,68.13959503173828,0.6867187023162842
67.71467971801758,0.72890578759344,68.1401138305664,0.6867187023162842
67.71379751908152,0.7289977465805254,68.16417694091797,0.6828124523162842
67.71340741609272,0.7290427025995756,68.13758850097656,0.6875
67.71554204037315,0.7288131604069158,68.16212463378906,0.6851562261581421
67.71466606541684,0.7289507498866633,68.13505554199219,0.6875
67.71412518149928,0.7290144672519282,68.13013458251953,0.6875
67.71545149150647,0.7288685221421091,68.16009521484375,0.684374988079071
67.71520775242855,0.7289270350807592,68.19136047363281,0.680468738079071
67.71424705103824,0.7290266783613908,68.19610595703125,0.6812499165534973
67.7144785429302,0.7289765100730093,68.20657348632812,0.6789062023162842
67.71683602584035,0.7287856073755967,68.2005615234375,0.6796874403953552
67.71769232498973,0.7286975038679022,68.16596984863281,0.6843749284744263
67.71756282605622,0.7287535243912747,68.19676208496094,0.6804686784744263
67.71776139108758,0.7287566771632746,68.17253112792969,0.6835936903953552
67.71999720523232,0.7284977749774331,68.19071960449219,0.6820312738418579
67.7175262852719,0.7287444801707017,68.12211608886719,0.6898437738418579
67.71713236758583,0.7288563220124495,68.12678527832031,0.6890624761581421
67.72002932899876,0.728419376047034,68.13677215576172,0.6875
67.71793626484119,0.7287200846170124,68.15400695800781,0.6843749284744263
67.71736165096885,0.7287548733384985,68.15640258789062,0.6851562261581421
67.7182896262721,0.728672422860798,68.14020538330078,0.6867187023162842
67.71664067318565,0.7287573688908627,68.16778564453125,0.6835938096046448
67.71432495117188,0.7290350371285489,68.15739440917969,0.6859374642372131
67.71414606194747,0.7290099545529014,68.159423828125,0.684374988079071
67.71366018997996,0.7290406713360235,68.16427612304688,0.68359375
67.71349113865902,0.729057396713056,68.15928649902344,0.6851562261581421
67.7135228608784,0.729044507992895,68.1610107421875,0.68359375
67.71016532496402,0.729374382056688,68.16024780273438,0.68359375
67.71368849904914,0.7290232714853788,68.16006469726562,0.68359375
67.71210499813682,0.7291737402740278,68.16390228271484,0.68359375
67.71108326159026,0.7292740595968146,68.14665222167969,0.6859374642372131
67.71247843692177,0.7291441512735266,68.16397094726562,0.684374988079071
67.71032333374023,0.7293447695280376,68.17379760742188,0.682812511920929
67.71232404206928,0.729160864102213,68.1549301147461,0.6851562261581421
67.7131263331363,0.729065085712232,68.15916442871094,0.684374988079071
67.71185965287059,0.7291981452389767,68.15843200683594,0.6851562261581421
67.71178596898129,0.7292180155452929,68.16065979003906,0.6851562261581421
67.70990150853207,0.7294030613020847,68.16206359863281,0.684374988079071
67.7089285599558,0.729467898607254,68.15495300292969,0.6851562261581421
67.70697503340871,0.7297128109555495,68.15896606445312,0.684374988079071
67.70674595079925,0.7297371955294358,68.15509796142578,0.6851562261581421
67.7066869233784,0.7297372080777821,68.1488037109375,0.6859374642372131
67.70608440198396,0.7297706494205877,68.1512451171875,0.6859374642372131
67.7083585638749,0.7295449407477128,68.15320587158203,0.6859374642372131
67.70645221910979,0.7297288524477106,68.17236328125,0.68359375
67.70646265933388,0.7297448860971552,68.17603302001953,0.6828124523162842
67.70680618286133,0.7296947256514901,68.1758041381836,0.6828124523162842
67.70326975772255,0.730049663468411,68.17701721191406,0.6828124523162842
67.7057721991288,0.7297988784940619,68.1767349243164,0.6828124523162842
67.70573144210012,0.7297988926109514,68.17488098144531,0.68359375
67.70701840049342,0.7296734938496038,68.17466735839844,0.68359375
67.70843827097039,0.7295449376106262,68.17634582519531,0.68359375
67.70593522724353,0.7297828338648144,68.17556762695312,0.6828124523162842
67.70756892154091,0.7296233365410253,68.17930603027344,0.6828124523162842
67.70387027138158,0.7299827807828,68.18244934082031,0.6828124523162842
67.7063640795256,0.7297403655554119,68.17587280273438,0.6835936903953552
67.7045713725843,0.7299402999250513,68.17678833007812,0.6820312142372131
67.70599445543792,0.7297905338437933,68.18341064453125,0.6820312142372131
67.70772211175216,0.7296021000335091,68.17687225341797,0.6828124523162842
67.70653092233758,0.7297236448840091,68.17874145507812,0.6820312738418579
67.70506326775802,0.729871403229864,68.18690490722656,0.6812499761581421
67.70253392269737,0.7301727862734544,68.18621826171875,0.6812499761581421
67.70357573659797,0.7300282010906621,68.17632293701172,0.6812499761581421
67.70472476356908,0.7299773614657553,68.16783142089844,0.6828124523162842
67.70314387271279,0.730102760227103,68.15257263183594,0.6851562261581421
67.7036102696469,0.730023675843289,68.15072631835938,0.6843749284744263
67.69546629253186,0.7308584828125803,68.15257263183594,0.6843749284744263
67.69849937840512,0.7305930131360104,68.15257263183594,0.684374988079071
67.70011440076325,0.7305518843625721,68.13357543945312,0.6874999403953552
67.70095624421772,0.7304292148665378,68.14532470703125,0.6859374642372131
67.70395038002415,0.7302376329898834,68.14350128173828,0.6859374642372131
67.70414834273488,0.7301626205444336,68.16259765625,0.6851562261581421
67.70157101279811,0.7304273937877855,68.11482238769531,0.6882812976837158
67.7006856014854,0.7304059470954695,68.10597229003906,0.6898437738418579
67.69755634508635,0.7307504823333338,68.15959167480469,0.6835936903953552
67.69886880171926,0.7306140206362072,68.12857818603516,0.6875
67.69828675922595,0.7306770603907736,68.12528228759766,0.6882811784744263
67.69617522390266,0.7308916888738933,68.12680053710938,0.6875
67.69372317665501,0.7310889143692819,68.12493133544922,0.6882811784744263
67.6921790273566,0.7312059465207552,68.13188171386719,0.6874999403953552
67.69247135363128,0.731163468800093,68.12113189697266,0.6890624761581421
67.69147471377724,0.7312387039786891,68.1243667602539,0.688281238079071
67.69460637945878,0.7309210520041617,68.12309265136719,0.6890624761581421
67.6940036572908,0.7309795602371818,68.12313842773438,0.6890624761581421
67.69322345131322,0.7310547985528645,68.12396240234375,0.6890624761581421
67.69287290071186,0.7310920843952581,68.119140625,0.6890624761581421
67.69312928852283,0.7310586414839092,68.11244201660156,0.6898437738418579
67.69255587929173,0.7311164862231204,68.11483764648438,0.6898437738418579
67.69046683060496,0.7313292967645746,68.11796569824219,0.6890624761581421
67.69036724692897,0.7313498540928489,68.1158447265625,0.6890624761581421
67.68847575940583,0.7315337626557601,68.10980987548828,0.6898437738418579
67.69267815037777,0.7311074357283743,68.10871124267578,0.6898437738418579
67.69047144839638,0.7313247872026343,68.11192321777344,0.6898437738418579
67.69220713565224,0.731153069358123,68.11053466796875,0.6898437738418579
67.690472050717,0.7313279462488074,68.10848999023438,0.6898437738418579
67.69122354607833,0.7312572378861276,68.10391998291016,0.6898437738418579
67.69152450561523,0.7312231126584505,68.10260772705078,0.690625011920929
67.69016988653885,0.7313568482273504,68.1026382446289,0.690625011920929
67.68967397589432,0.7314070180842751,68.10272979736328,0.690625011920929
67.68816857588918,0.7315574853043807,68.10292053222656,0.690625011920929
67.68949488589638,0.7314237403242212,68.10335540771484,0.690625011920929
67.68998999344676,0.7313735798785561,68.1037826538086,0.690625011920929
67.68807802702251,0.7315651633237538,68.10430908203125,0.690625011920929
67.68825510928505,0.7315484410838077,68.1036605834961,0.690625011920929
67.68857052451686,0.7315150185635215,68.10347747802734,0.690625011920929
67.68960571289062,0.7314146866923884,68.10460662841797,0.690625011920929
67.68991410104852,0.7313812563293859,68.10334777832031,0.690625011920929
67.69027589496814,0.7313638690270876,68.10531616210938,0.690625011920929
67.68892569290965,0.7314815740836295,68.09603881835938,0.6914063096046448
67.69061219064812,0.731322064211494,68.0948486328125,0.6914063096046448
67.69082621524208,0.7313098593762046,68.09925842285156,0.6914063096046448
67.68868054841694,0.7315021361175337,68.0899658203125,0.692187488079071
67.69244987086246,0.7311370325715918,68.10273742675781,0.6906250715255737
67.69064150358501,0.7313362971732491,68.11181640625,0.6890624761581421
67.69110488891602,0.7312886432597512,68.11451721191406,0.6890625953674316
67.69017329968904,0.7314025163650513,68.12834930419922,0.688281238079071
67.69069772017629,0.7313112318515778,68.13127899169922,0.6875
67.68981511969315,0.731444964283391,68.11579132080078,0.6898437738418579
67.68951556557103,0.7314610151868117,68.10411071777344,0.6890624761581421
67.69122896696392,0.7312816240285572,68.09339141845703,0.6906250715255737
67.68945432964124,0.7314680203011161,68.10070037841797,0.6898437738418579
67.69077963578074,0.7313419502032431,68.13215637207031,0.686718761920929
67.68989583065635,0.7314178504441914,68.10453796386719,0.6890624761581421
67.68900278994911,0.7315149981724588,68.1098403930664,0.6890624761581421
67.69133939241108,0.7313362987417924,68.0863037109375,0.6914063096046448
67.69060295506527,0.7313941466180902,68.09718322753906,0.6914063096046448
67.6909025091874,0.7313311178433267,68.11312866210938,0.6890624761581421
67.69371594880757,0.7310715223613539,68.09880828857422,0.6906249523162842
67.6917445534154,0.7313055850957569,68.09352111816406,0.69140625
67.69340193899055,0.7311871914487136,68.12271881103516,0.6874999403953552
67.69272834376285,0.7312508994027188,68.12499237060547,0.688281238079071
67.69342643336246,0.7311519494182185,68.1155776977539,0.6898437142372131
67.69210433959961,0.7313543746345922,68.10948181152344,0.6898437142372131
67.69436464811626,0.730988838170704,68.1224365234375,0.688281238079071
67.69112617091129,0.7312644563223186,68.12277221679688,0.6890624761581421
67.69119363082082,0.7313780972832128,68.10768127441406,0.6898437738418579
67.69025541606702,0.7314397959332717,68.09751892089844,0.690625011920929
67.68953865452816,0.731471880486137,68.12379455566406,0.688281238079071
67.68844202945107,0.7315516158154136,68.1152572631836,0.6898437142372131
67.68707777324475,0.7317111162762893,68.12993621826172,0.686718761920929
67.68897387855931,0.7314718632321608,68.12371826171875,0.6882812976837158
67.68786440397564,0.7316144077401412,68.13565063476562,0.686718761920929
67.68632989180715,0.7317962819024136,68.13076782226562,0.6875
67.68481565776624,0.7319126364431883,68.13136291503906,0.686718761920929
67.6852499309339,0.7318579742782995,68.13633728027344,0.6859375238418579
67.68448618838661,0.7319210061901494,68.12944030761719,0.686718761920929
67.68586469951428,0.7317956121344316,68.13113403320312,0.686718761920929
67.6860650715075,0.7318064648854105,68.13224792480469,0.686718761920929
67.68493110255191,0.731874007927744,68.1220703125,0.6875
67.68326106824372,0.7320457132239091,68.11935424804688,0.6875
67.6856854087428,0.7318154808722044,68.11311340332031,0.6898437142372131
67.6839320534154,0.7320154309272766,68.11841583251953,0.688281238079071
67.68381239238538,0.7319865101262143,68.1183853149414,0.6898437142372131
67.68517544395046,0.7318444110845265,68.12110137939453,0.688281238079071
67.68460906179328,0.7319151210157495,68.1199951171875,0.6890624761581421
67.68397823132966,0.7319537573739102,68.12039947509766,0.688281238079071
67.68465182655736,0.731906776365481,68.1245346069336,0.6875
67.68517142847965,0.7318726464321739,68.1260986328125,0.6875
67.68392542788857,0.7319935215146918,68.12442779541016,0.6875
67.68435167011462,0.7319517198361849,68.1265640258789,0.6875
67.68350741737767,0.7320475295970315,68.12133026123047,0.688281238079071
67.68237043681897,0.732168374877227,68.129150390625,0.6875
67.68254751908152,0.7321433095555556,68.12682342529297,0.6875
67.68390354357268,0.7319722834386324,68.12576293945312,0.688281238079071
67.68197772377415,0.7321889431853044,68.12581634521484,0.688281238079071
67.68391257838199,0.7320018881245663,68.11758422851562,0.688281238079071
67.68389711881939,0.7319813260906621,68.12322235107422,0.6875000596046448
67.68361904746608,0.7320185821307333,68.11985778808594,0.6875000596046448
67.6827362462094,0.7321021964675501,68.12645721435547,0.6875000596046448
67.68392924258583,0.7319646101248892,68.11846923828125,0.6890624761581421
67.68295227853875,0.7320771107548162,68.12498474121094,0.6875000596046448
67.68261939600895,0.7321137111437949,68.12123107910156,0.688281238079071
67.68219496074475,0.7321715480402896,68.11740112304688,0.688281238079071
67.6811119882684,0.7322885801917628,68.1222915649414,0.688281238079071
67.68417478862561,0.7319625772927937,68.13119506835938,0.6875
67.68362426757812,0.7320332903611032,68.12975311279297,0.686718761920929
67.68053315815173,0.7323586219235471,68.13036346435547,0.6875
67.68398927387439,0.7319747711482801,68.12578582763672,0.688281238079071
67.68279969064812,0.7320899790839145,68.13158416748047,0.6867187023162842
67.68325564735814,0.7320917923199503,68.13774108886719,0.6867187023162842
67.68132862291839,0.7322994156887657,68.12661743164062,0.688281238079071
67.68157818442897,0.7322673358415303,68.12155151367188,0.688281238079071
67.68332953202098,0.7320545253000761,68.10446166992188,0.6906249523162842
67.67999468351665,0.7324223267404657,68.11797332763672,0.688281238079071
67.68245576557361,0.732162522642236,68.1112060546875,0.6898437142372131
67.68360941033615,0.7320429902327689,68.12242126464844,0.6874999403953552
67.68285650956004,0.7321213938687977,68.12574768066406,0.6875
67.68226161756013,0.7321631845675016,68.13121032714844,0.6875
67.68108849776418,0.732279548519536,68.1268310546875,0.6882811784744263
67.68255233764648,0.7321573150785345,68.11937713623047,0.6898437142372131
67.68259189003392,0.7321367577502602,68.12620544433594,0.688281238079071
67.68229554828845,0.7321496276479018,68.130859375,0.6875
67.68229896143863,0.7321618293461046,68.132080078125,0.6875
67.67980294478566,0.7324171238823941,68.13416290283203,0.6875
67.6839041458933,0.7319935309259515,68.13020324707031,0.6875
67.68369052284642,0.7320949717571861,68.12325286865234,0.6890625357627869
67.68445787931743,0.7319980326451754,68.13285827636719,0.686718761920929
67.687255859375,0.7317429608420322,68.11141967773438,0.6890625357627869
67.68889738384046,0.7316704517916629,68.10576629638672,0.6898437738418579
67.69207261738025,0.7313446575089505,68.10157012939453,0.690625011920929
67.69313952797337,0.7312328329211787,68.10823059082031,0.6898437142372131
67.69226435611122,0.7313530256873683,68.13111877441406,0.6875
67.6911466498124,0.7314867643933547,68.1159896850586,0.6898437142372131
67.69387415835732,0.7310785117902254,68.13742065429688,0.6867187023162842
67.69333367598684,0.7312251392163729,68.11488342285156,0.6898437738418579
